-- Usuários de teste do Prepara.me
-- Senha de login de todos: Teste@123
-- Gerado por: node scripts/build-seed-test-users.js
-- Reaplicar: bash scripts/seed-test-users.sh

BEGIN;

DELETE FROM survey_questions
WHERE companyid = 'a1000000-0000-4000-8000-000000000001';

DELETE FROM "companyPage"
WHERE id = 'a1000000-0000-4000-8000-000000000020';

DELETE FROM "companyEmployees"
WHERE email IN (
    'teste.colaborador1@prepara.me',
    'teste.colaborador2@prepara.me',
    'teste.colaborador3@prepara.me',
    'teste.colaborador4@prepara.me',
    'teste.colaborador5@prepara.me',
    'teste.colaborador6@prepara.me',
    'teste.colaborador7@prepara.me',
    'teste.colaborador8@prepara.me',
    'teste.colaborador9@prepara.me',
    'teste.colaborador10@prepara.me',
    'teste.pendente@prepara.me',
    'teste.admin@prepara.me',
    'teste.especialista@prepara.me',
    'teste.empresa@prepara.me'
);

DELETE FROM specialists
WHERE id = 'a1000000-0000-4000-8000-000000000112';

DELETE FROM users
WHERE email IN (
    'teste.colaborador1@prepara.me',
    'teste.colaborador2@prepara.me',
    'teste.colaborador3@prepara.me',
    'teste.colaborador4@prepara.me',
    'teste.colaborador5@prepara.me',
    'teste.colaborador6@prepara.me',
    'teste.colaborador7@prepara.me',
    'teste.colaborador8@prepara.me',
    'teste.colaborador9@prepara.me',
    'teste.colaborador10@prepara.me',
    'teste.pendente@prepara.me',
    'teste.admin@prepara.me',
    'teste.especialista@prepara.me',
    'teste.empresa@prepara.me'
);

DELETE FROM "companySubscriptionPlans"
WHERE id = 'a1000000-0000-4000-8000-000000000010';

DELETE FROM companies
WHERE id = 'a1000000-0000-4000-8000-000000000001';

INSERT INTO companies (id, name)
VALUES ('a1000000-0000-4000-8000-000000000001', 'Empresa Teste Prepara.me');

INSERT INTO "companyPage" (
    id, "companyId", name, vacancies, "expirationDate", logo, text,
    "backgroundColor", "containerColor", "clockColor", "textColor", active, "logoInternal"
)
VALUES (
    'a1000000-0000-4000-8000-000000000020',
    'a1000000-0000-4000-8000-000000000001',
    'Empresa Teste Prepara.me',
    100,
    NOW() + INTERVAL '365 days',
    'test-logo.png',
    'Empresa criada para testes locais do Prepara.me.',
    '#ffffff',
    '#0066cc',
    '#0066cc',
    '#000000',
    true,
    'test-logo-internal.png'
);

INSERT INTO "companySubscriptionPlans" (
    id,
    "companyId",
    "subscriptionPlanId",
    "startDate",
    "endDate",
    "subscribeToken"
)
VALUES (
    'a1000000-0000-4000-8000-000000000010',
    'a1000000-0000-4000-8000-000000000001',
    'e1d2027f-2a1f-4bbb-a19f-90d2ee793bb3',
    NOW() - INTERVAL '30 days',
    NOW() + INTERVAL '365 days',
    'TESTE-PREPARA-2026'
);

INSERT INTO survey_questions (id, companyid, questiontext)
VALUES
    ('b2000000-0000-4000-8000-000000000001', 'a1000000-0000-4000-8000-000000000001', 'O que mais te ajudou durante o processo de demissão?'),
    ('b2000000-0000-4000-8000-000000000002', 'a1000000-0000-4000-8000-000000000001', 'Qual apoio adicional você gostaria de receber da empresa?');

INSERT INTO users (
    id, name, username, password, email, "documentId", type, status,
    "laborRisk", "NPSSurvey", "surveyAnswered", "companyId", realocated,
    "laborRiskAlert", "feelingsMapJSON", "brandRisk", "laborRiskJSON",
    "brandRiskJSON", "surveyQuestion", "expiresDate", "subscribeToken", "companyNameSignIn"
) VALUES
(
    'a1000000-0000-4000-8000-000000000101',
    'Admin Teste',
    'admin.teste',
    '$2a$08$zwPI.8CipwYCC1fLbVmiD.n6r4CyQbOxuvZ0ExaIDL0lDroJYCJPq',
    'teste.admin@prepara.me',
    '11111111111',
    'ADMIN',
    'ACTIVE',
    0, 0, false, NULL, 'NOT_REALOCATED', 'NORMAL', NULL, 0, NULL, NULL, NULL,
    NOW() + INTERVAL '30 days', NULL, NULL
),
(
    'a1000000-0000-4000-8000-000000000102',
    'Especialista Teste',
    'especialista.teste',
    '$2a$08$zwPI.8CipwYCC1fLbVmiD.n6r4CyQbOxuvZ0ExaIDL0lDroJYCJPq',
    'teste.especialista@prepara.me',
    '22222222222',
    'SPECIALIST',
    'ACTIVE',
    0, 0, false, NULL, 'NOT_REALOCATED', 'NORMAL', NULL, 0, NULL, NULL, NULL,
    NOW() + INTERVAL '30 days', NULL, NULL
),
(
    'a1000000-0000-4000-8000-000000000103',
    'Admin Empresa Teste',
    'empresa.admin.teste',
    '$2a$08$zwPI.8CipwYCC1fLbVmiD.n6r4CyQbOxuvZ0ExaIDL0lDroJYCJPq',
    'teste.empresa@prepara.me',
    '33333333333',
    'COMPANY_ADMIN',
    'ACTIVE',
    0, 0, false, 'a1000000-0000-4000-8000-000000000001', 'NOT_REALOCATED', 'NORMAL', NULL, 0, NULL, NULL, NULL,
    NOW() + INTERVAL '30 days', 'TESTE-PREPARA-2026', 'Empresa Teste Prepara.me'
),
(
    'a1000000-0000-4000-8000-000000000201',
    'Colaborador Teste 1',
    'colaborador1.teste',
    '$2a$08$zwPI.8CipwYCC1fLbVmiD.n6r4CyQbOxuvZ0ExaIDL0lDroJYCJPq',
    'teste.colaborador1@prepara.me',
    '44444444444',
    'USER',
    'ACTIVE',
    8.57,
    9,
    true,
    'a1000000-0000-4000-8000-000000000001',
    'REALOCATED',
    'NORMAL',
    '[{"feeling":"Alíviado(a). Já queria sair da empresa.","checked":true,"laborRiskCheck":false},{"feeling":"Triste. Gostava muito do meu trabalho.","checked":true,"laborRiskCheck":false}]',
    9,
    '[{"index":0,"question":"O quanto você se sentia respeitado na empresa, de forma geral?","answer":9},{"index":1,"question":"O quanto você se sentia respeitado pelos seus líderes?","answer":8},{"index":2,"question":"O quanto você gostaria de voltar a trabalhar nesta empresa no futuro?","answer":9},{"index":3,"question":"O quanto você achou que seu processo de demissão foi respeitoso?","answer":8},{"index":4,"question":"O quanto você se sentia seguro fisicamente na empresa?","answer":9},{"index":5,"question":"O quanto você se sentia seguro emocionalmente na empresa?","answer":8},{"index":6,"question":"O quanto você gostava do pacote de benefícios e remuneração da empresa?","answer":9},{"index":9,"question":"Os cálculos da rescisão estão corretos?","answer":10}]',
    '[{"index":0,"question":"O quanto você recomenda a empresa para seus amigos e familiares trabalharem?","answer":9}]',
    '[{"questionId":"b2000000-0000-4000-8000-000000000001","answer":"Comunicação clara durante todo o processo."},{"questionId":"b2000000-0000-4000-8000-000000000002","answer":"Mentoria de carreira."}]',
    NOW() + INTERVAL '30 days',
    'TESTE-PREPARA-2026',
    'Empresa Teste Prepara.me'
  ),
(
    'a1000000-0000-4000-8000-000000000202',
    'Colaborador Teste 2',
    'colaborador2.teste',
    '$2a$08$zwPI.8CipwYCC1fLbVmiD.n6r4CyQbOxuvZ0ExaIDL0lDroJYCJPq',
    'teste.colaborador2@prepara.me',
    '55555555555',
    'USER',
    'ACTIVE',
    4.14,
    6,
    true,
    'a1000000-0000-4000-8000-000000000001',
    'NOT_REALOCATED',
    'ALERT',
    '[{"feeling":"Surpreso(a). Não esperava pela demissão.","checked":true,"laborRiskCheck":false},{"feeling":"Injustiçado(a). Minha demissão foi injusta.","checked":true,"laborRiskCheck":false}]',
    6,
    '[{"index":0,"question":"O quanto você se sentia respeitado na empresa, de forma geral?","answer":5},{"index":1,"question":"O quanto você se sentia respeitado pelos seus líderes?","answer":4},{"index":2,"question":"O quanto você gostaria de voltar a trabalhar nesta empresa no futuro?","answer":4},{"index":3,"question":"O quanto você achou que seu processo de demissão foi respeitoso?","answer":3},{"index":4,"question":"O quanto você se sentia seguro fisicamente na empresa?","answer":5},{"index":5,"question":"O quanto você se sentia seguro emocionalmente na empresa?","answer":4},{"index":6,"question":"O quanto você gostava do pacote de benefícios e remuneração da empresa?","answer":4},{"index":9,"question":"Os cálculos da rescisão estão corretos?","answer":10}]',
    '[{"index":0,"question":"O quanto você recomenda a empresa para seus amigos e familiares trabalharem?","answer":6}]',
    '[{"questionId":"b2000000-0000-4000-8000-000000000001","answer":"Faltou empatia na conversa de desligamento."},{"questionId":"b2000000-0000-4000-8000-000000000002","answer":"Workshop de recolocação."}]',
    NOW() + INTERVAL '30 days',
    'TESTE-PREPARA-2026',
    'Empresa Teste Prepara.me'
  ),
(
    'a1000000-0000-4000-8000-000000000203',
    'Colaborador Teste 3',
    'colaborador3.teste',
    '$2a$08$zwPI.8CipwYCC1fLbVmiD.n6r4CyQbOxuvZ0ExaIDL0lDroJYCJPq',
    'teste.colaborador3@prepara.me',
    '66666666666',
    'USER',
    'ACTIVE',
    2.71,
    3,
    true,
    'a1000000-0000-4000-8000-000000000001',
    'NOT_REALOCATED',
    'ALERT',
    '[{"feeling":"Injustiçado(a). Minha demissão foi injusta.","checked":true,"laborRiskCheck":false},{"feeling":"Bravo(a). Não concordo em como a demissão aconteceu.","checked":true,"laborRiskCheck":false},{"feeling":"Desesperado(a). Preciso me recolocar urgente.","checked":true,"laborRiskCheck":false}]',
    3,
    '[{"index":0,"question":"O quanto você se sentia respeitado na empresa, de forma geral?","answer":3},{"index":1,"question":"O quanto você se sentia respeitado pelos seus líderes?","answer":2},{"index":2,"question":"O quanto você gostaria de voltar a trabalhar nesta empresa no futuro?","answer":3},{"index":3,"question":"O quanto você achou que seu processo de demissão foi respeitoso?","answer":2},{"index":4,"question":"O quanto você se sentia seguro fisicamente na empresa?","answer":4},{"index":5,"question":"O quanto você se sentia seguro emocionalmente na empresa?","answer":3},{"index":6,"question":"O quanto você gostava do pacote de benefícios e remuneração da empresa?","answer":2},{"index":9,"question":"Os cálculos da rescisão estão corretos?","answer":0}]',
    '[{"index":0,"question":"O quanto você recomenda a empresa para seus amigos e familiares trabalharem?","answer":3}]',
    '[{"questionId":"b2000000-0000-4000-8000-000000000001","answer":"Processo foi abrupto e sem aviso prévio."},{"questionId":"b2000000-0000-4000-8000-000000000002","answer":"Suporte psicológico."}]',
    NOW() + INTERVAL '30 days',
    'TESTE-PREPARA-2026',
    'Empresa Teste Prepara.me'
  ),
(
    'a1000000-0000-4000-8000-000000000204',
    'Maria Silva Costa',
    'maria.silva',
    '$2a$08$zwPI.8CipwYCC1fLbVmiD.n6r4CyQbOxuvZ0ExaIDL0lDroJYCJPq',
    'teste.colaborador4@prepara.me',
    '88888888881',
    'USER',
    'ACTIVE',
    9.57,
    10,
    true,
    'a1000000-0000-4000-8000-000000000001',
    'REALOCATED',
    'NORMAL',
    '[{"feeling":"Alíviado(a). Já queria sair da empresa.","checked":true,"laborRiskCheck":false},{"feeling":"Indiferente. Nem feliz e nem triste.","checked":true,"laborRiskCheck":false}]',
    10,
    '[{"index":0,"question":"O quanto você se sentia respeitado na empresa, de forma geral?","answer":10},{"index":1,"question":"O quanto você se sentia respeitado pelos seus líderes?","answer":9},{"index":2,"question":"O quanto você gostaria de voltar a trabalhar nesta empresa no futuro?","answer":10},{"index":3,"question":"O quanto você achou que seu processo de demissão foi respeitoso?","answer":9},{"index":4,"question":"O quanto você se sentia seguro fisicamente na empresa?","answer":10},{"index":5,"question":"O quanto você se sentia seguro emocionalmente na empresa?","answer":9},{"index":6,"question":"O quanto você gostava do pacote de benefícios e remuneração da empresa?","answer":10},{"index":9,"question":"Os cálculos da rescisão estão corretos?","answer":10}]',
    '[{"index":0,"question":"O quanto você recomenda a empresa para seus amigos e familiares trabalharem?","answer":10}]',
    '[{"questionId":"b2000000-0000-4000-8000-000000000001","answer":"Saída foi respeitosa e alinhada com meu plano."},{"questionId":"b2000000-0000-4000-8000-000000000002","answer":"Trilha técnica e certificações."}]',
    NOW() + INTERVAL '30 days',
    'TESTE-PREPARA-2026',
    'Empresa Teste Prepara.me'
  ),
(
    'a1000000-0000-4000-8000-000000000205',
    'João Pedro Santos',
    'joao.santos',
    '$2a$08$zwPI.8CipwYCC1fLbVmiD.n6r4CyQbOxuvZ0ExaIDL0lDroJYCJPq',
    'teste.colaborador5@prepara.me',
    '88888888882',
    'USER',
    'ACTIVE',
    2,
    2,
    true,
    'a1000000-0000-4000-8000-000000000001',
    'NOT_REALOCATED',
    'ALERT',
    '[{"feeling":"Bravo(a). Não concordo em como a demissão aconteceu.","checked":true,"laborRiskCheck":false},{"feeling":"Desesperado(a). Preciso me recolocar urgente.","checked":true,"laborRiskCheck":false},{"feeling":"Inseguro(a). Estou com a autoestima abalada com a demissão.","checked":true,"laborRiskCheck":false}]',
    2,
    '[{"index":0,"question":"O quanto você se sentia respeitado na empresa, de forma geral?","answer":2},{"index":1,"question":"O quanto você se sentia respeitado pelos seus líderes?","answer":2},{"index":2,"question":"O quanto você gostaria de voltar a trabalhar nesta empresa no futuro?","answer":1},{"index":3,"question":"O quanto você achou que seu processo de demissão foi respeitoso?","answer":2},{"index":4,"question":"O quanto você se sentia seguro fisicamente na empresa?","answer":3},{"index":5,"question":"O quanto você se sentia seguro emocionalmente na empresa?","answer":2},{"index":6,"question":"O quanto você gostava do pacote de benefícios e remuneração da empresa?","answer":2},{"index":9,"question":"Os cálculos da rescisão estão corretos?","answer":0}]',
    '[{"index":0,"question":"O quanto você recomenda a empresa para seus amigos e familiares trabalharem?","answer":2}]',
    '[{"questionId":"b2000000-0000-4000-8000-000000000001","answer":"Metas eram inatingíveis antes da demissão."},{"questionId":"b2000000-0000-4000-8000-000000000002","answer":"Acessibilidade no portal e atendimento humano."}]',
    NOW() + INTERVAL '30 days',
    'TESTE-PREPARA-2026',
    'Empresa Teste Prepara.me'
  ),
(
    'a1000000-0000-4000-8000-000000000206',
    'Ana Beatriz Lima',
    'ana.lima',
    '$2a$08$zwPI.8CipwYCC1fLbVmiD.n6r4CyQbOxuvZ0ExaIDL0lDroJYCJPq',
    'teste.colaborador6@prepara.me',
    '88888888883',
    'USER',
    'ACTIVE',
    6.71,
    7,
    true,
    'a1000000-0000-4000-8000-000000000001',
    'NOT_REALOCATED',
    'NORMAL',
    '[{"feeling":"Surpreso(a). Não esperava pela demissão.","checked":true,"laborRiskCheck":false},{"feeling":"Indiferente. Nem feliz e nem triste.","checked":true,"laborRiskCheck":false},{"feeling":"Indiferente. Ainda tentando entender tudo que aconteceu.","checked":true,"laborRiskCheck":false}]',
    7,
    '[{"index":0,"question":"O quanto você se sentia respeitado na empresa, de forma geral?","answer":7},{"index":1,"question":"O quanto você se sentia respeitado pelos seus líderes?","answer":6},{"index":2,"question":"O quanto você gostaria de voltar a trabalhar nesta empresa no futuro?","answer":7},{"index":3,"question":"O quanto você achou que seu processo de demissão foi respeitoso?","answer":6},{"index":4,"question":"O quanto você se sentia seguro fisicamente na empresa?","answer":8},{"index":5,"question":"O quanto você se sentia seguro emocionalmente na empresa?","answer":7},{"index":6,"question":"O quanto você gostava do pacote de benefícios e remuneração da empresa?","answer":6},{"index":9,"question":"Os cálculos da rescisão estão corretos?","answer":10}]',
    '[{"index":0,"question":"O quanto você recomenda a empresa para seus amigos e familiares trabalharem?","answer":7}]',
    '[{"questionId":"b2000000-0000-4000-8000-000000000001","answer":"Processo foi ok, mas poderia ser mais rápido."},{"questionId":"b2000000-0000-4000-8000-000000000002","answer":"Conteúdos sobre marca pessoal."}]',
    NOW() + INTERVAL '30 days',
    'TESTE-PREPARA-2026',
    'Empresa Teste Prepara.me'
  ),
(
    'a1000000-0000-4000-8000-000000000207',
    'Pedro Henrique Oliveira',
    'pedro.oliveira',
    '$2a$08$zwPI.8CipwYCC1fLbVmiD.n6r4CyQbOxuvZ0ExaIDL0lDroJYCJPq',
    'teste.colaborador7@prepara.me',
    '88888888884',
    'USER',
    'ACTIVE',
    7.57,
    8,
    true,
    'a1000000-0000-4000-8000-000000000001',
    'REALOCATED',
    'NORMAL',
    '[{"feeling":"Surpreso(a). Não esperava pela demissão.","checked":true,"laborRiskCheck":false},{"feeling":"Triste. Gostava muito do meu trabalho.","checked":true,"laborRiskCheck":false},{"feeling":"Triste. Gostava muito da minha equipe de trabalho.","checked":true,"laborRiskCheck":false}]',
    8,
    '[{"index":0,"question":"O quanto você se sentia respeitado na empresa, de forma geral?","answer":8},{"index":1,"question":"O quanto você se sentia respeitado pelos seus líderes?","answer":7},{"index":2,"question":"O quanto você gostaria de voltar a trabalhar nesta empresa no futuro?","answer":8},{"index":3,"question":"O quanto você achou que seu processo de demissão foi respeitoso?","answer":7},{"index":4,"question":"O quanto você se sentia seguro fisicamente na empresa?","answer":8},{"index":5,"question":"O quanto você se sentia seguro emocionalmente na empresa?","answer":7},{"index":6,"question":"O quanto você gostava do pacote de benefícios e remuneração da empresa?","answer":8},{"index":9,"question":"Os cálculos da rescisão estão corretos?","answer":10}]',
    '[{"index":0,"question":"O quanto você recomenda a empresa para seus amigos e familiares trabalharem?","answer":8}]',
    '[{"questionId":"b2000000-0000-4000-8000-000000000001","answer":"Equipe foi avisada apenas no último dia."},{"questionId":"b2000000-0000-4000-8000-000000000002","answer":"Simulador de entrevistas."}]',
    NOW() + INTERVAL '30 days',
    'TESTE-PREPARA-2026',
    'Empresa Teste Prepara.me'
  ),
(
    'a1000000-0000-4000-8000-000000000208',
    'Fernanda Souza Mendes',
    'fernanda.mendes',
    '$2a$08$zwPI.8CipwYCC1fLbVmiD.n6r4CyQbOxuvZ0ExaIDL0lDroJYCJPq',
    'teste.colaborador8@prepara.me',
    '88888888885',
    'USER',
    'ACTIVE',
    4.57,
    5,
    true,
    'a1000000-0000-4000-8000-000000000001',
    'NOT_REALOCATED',
    'ALERT',
    '[{"feeling":"Surpreso(a). Não esperava pela demissão.","checked":true,"laborRiskCheck":false},{"feeling":"Injustiçado(a). Minha demissão foi injusta.","checked":true,"laborRiskCheck":false},{"feeling":"Desesperado(a). Preciso me recolocar urgente.","checked":true,"laborRiskCheck":false},{"feeling":"Inseguro(a). Estou com a autoestima abalada com a demissão.","checked":true,"laborRiskCheck":false},{"feeling":"Inseguro(a). Não sei quais os passos para me recolocar.","checked":true,"laborRiskCheck":false}]',
    5,
    '[{"index":0,"question":"O quanto você se sentia respeitado na empresa, de forma geral?","answer":5},{"index":1,"question":"O quanto você se sentia respeitado pelos seus líderes?","answer":4},{"index":2,"question":"O quanto você gostaria de voltar a trabalhar nesta empresa no futuro?","answer":5},{"index":3,"question":"O quanto você achou que seu processo de demissão foi respeitoso?","answer":4},{"index":4,"question":"O quanto você se sentia seguro fisicamente na empresa?","answer":5},{"index":5,"question":"O quanto você se sentia seguro emocionalmente na empresa?","answer":4},{"index":6,"question":"O quanto você gostava do pacote de benefícios e remuneração da empresa?","answer":5},{"index":9,"question":"Os cálculos da rescisão estão corretos?","answer":10}]',
    '[{"index":0,"question":"O quanto você recomenda a empresa para seus amigos e familiares trabalharem?","answer":5}]',
    '[{"questionId":"b2000000-0000-4000-8000-000000000001","answer":"Houve inconsistências na rescisão."},{"questionId":"b2000000-0000-4000-8000-000000000002","answer":"Canal jurídico dedicado."}]',
    NOW() + INTERVAL '30 days',
    'TESTE-PREPARA-2026',
    'Empresa Teste Prepara.me'
  ),
(
    'a1000000-0000-4000-8000-000000000209',
    'Carlos Eduardo Rocha',
    'carlos.rocha',
    '$2a$08$zwPI.8CipwYCC1fLbVmiD.n6r4CyQbOxuvZ0ExaIDL0lDroJYCJPq',
    'teste.colaborador9@prepara.me',
    '88888888886',
    'USER',
    'ACTIVE',
    0,
    0,
    false,
    'a1000000-0000-4000-8000-000000000001',
    'NOT_REALOCATED',
    'NORMAL',
    NULL,
    0,
    NULL,
    NULL,
    NULL,
    NOW() + INTERVAL '30 days',
    'TESTE-PREPARA-2026',
    'Empresa Teste Prepara.me'
  ),
(
    'a1000000-0000-4000-8000-000000000210',
    'Juliana Aparecida Ferreira',
    'juliana.ferreira',
    '$2a$08$zwPI.8CipwYCC1fLbVmiD.n6r4CyQbOxuvZ0ExaIDL0lDroJYCJPq',
    'teste.colaborador10@prepara.me',
    '88888888887',
    'USER',
    'ACTIVE',
    7.57,
    8,
    true,
    'a1000000-0000-4000-8000-000000000001',
    'NOT_REALOCATED',
    'NORMAL',
    '[{"feeling":"Surpreso(a). Não esperava pela demissão.","checked":true,"laborRiskCheck":false},{"feeling":"Triste. Gostava muito do meu trabalho.","checked":true,"laborRiskCheck":false},{"feeling":"Triste. Gostava muito da empresa.","checked":true,"laborRiskCheck":false}]',
    8,
    '[{"index":0,"question":"O quanto você se sentia respeitado na empresa, de forma geral?","answer":8},{"index":1,"question":"O quanto você se sentia respeitado pelos seus líderes?","answer":7},{"index":2,"question":"O quanto você gostaria de voltar a trabalhar nesta empresa no futuro?","answer":8},{"index":3,"question":"O quanto você achou que seu processo de demissão foi respeitoso?","answer":8},{"index":4,"question":"O quanto você se sentia seguro fisicamente na empresa?","answer":7},{"index":5,"question":"O quanto você se sentia seguro emocionalmente na empresa?","answer":8},{"index":6,"question":"O quanto você gostava do pacote de benefícios e remuneração da empresa?","answer":7},{"index":9,"question":"Os cálculos da rescisão estão corretos?","answer":10}]',
    '[{"index":0,"question":"O quanto você recomenda a empresa para seus amigos e familiares trabalharem?","answer":8}]',
    '[{"questionId":"b2000000-0000-4000-8000-000000000001","answer":"Fui acolhida, mas senti falta de follow-up."},{"questionId":"b2000000-0000-4000-8000-000000000002","answer":"Grupo de networking regional."}]',
    NOW() + INTERVAL '30 days',
    'TESTE-PREPARA-2026',
    'Empresa Teste Prepara.me'
  );

INSERT INTO specialists (id, name, bio, status, "linkedinUrl", "userId")
VALUES (
    'a1000000-0000-4000-8000-000000000112',
    'Especialista Teste',
    'Perfil de especialista criado para testes locais.',
    'ACTIVE',
    'https://www.linkedin.com/in/teste',
    'a1000000-0000-4000-8000-000000000102'
);

INSERT INTO "companyEmployees" (
    id, "companyId", name, "documentId", "subscribeToken", phone, email,
    "userId", "easyRegister", accepted, realocate, "entryDate",
    position, department, plan, unity, "packageDeclined", "manualCompany",
    "dismissalType", gender, etnia, pcd, city, state
) VALUES
(
    'a1000000-0000-4000-8000-000000000301',
    'a1000000-0000-4000-8000-000000000001',
    'Colaborador Teste 1',
    '44444444444',
    'TESTE-PREPARA-2026',
    '11999990001',
    'teste.colaborador1@prepara.me',
    'a1000000-0000-4000-8000-000000000201',
    'NO',
    true,
    true,
    NOW() - INTERVAL '540 days',
    'Analista de Operações',
    'Operações',
    'DEMO TESTE',
    'Matriz SP',
    false,
    '',
    'voluntary',
    'Masculino',
    'Parda',
    false,
    'São Paulo',
    'SP'
  ),
(
    'a1000000-0000-4000-8000-000000000302',
    'a1000000-0000-4000-8000-000000000001',
    'Colaborador Teste 2',
    '55555555555',
    'TESTE-PREPARA-2026',
    '11999990002',
    'teste.colaborador2@prepara.me',
    'a1000000-0000-4000-8000-000000000202',
    'NO',
    true,
    false,
    NOW() - INTERVAL '480 days',
    'Coordenador de RH',
    'Recursos Humanos',
    'DEMO TESTE',
    'Matriz SP',
    false,
    '',
    'involuntary',
    'Feminino',
    'Branca',
    false,
    'São Paulo',
    'SP'
  ),
(
    'a1000000-0000-4000-8000-000000000303',
    'a1000000-0000-4000-8000-000000000001',
    'Colaborador Teste 3',
    '66666666666',
    'TESTE-PREPARA-2026',
    '11999990003',
    'teste.colaborador3@prepara.me',
    'a1000000-0000-4000-8000-000000000203',
    'NO',
    true,
    false,
    NOW() - INTERVAL '360 days',
    'Assistente Financeiro',
    'Financeiro',
    'DEMO TESTE',
    'Filial SP',
    false,
    '',
    'involuntary',
    'Masculino',
    'Preta',
    false,
    'Campinas',
    'SP'
  ),
(
    'a1000000-0000-4000-8000-000000000304',
    'a1000000-0000-4000-8000-000000000001',
    'Maria Silva Costa',
    '88888888881',
    'TESTE-PREPARA-2026',
    '21999990004',
    'teste.colaborador4@prepara.me',
    'a1000000-0000-4000-8000-000000000204',
    'NO',
    true,
    true,
    NOW() - INTERVAL '300 days',
    'Desenvolvedora Pleno',
    'Tecnologia',
    'DEMO TESTE',
    'Matriz SP',
    false,
    '',
    'voluntary',
    'Feminino',
    'Parda',
    false,
    'Rio de Janeiro',
    'RJ'
  ),
(
    'a1000000-0000-4000-8000-000000000305',
    'a1000000-0000-4000-8000-000000000001',
    'João Pedro Santos',
    '88888888882',
    'TESTE-PREPARA-2026',
    '21999990005',
    'teste.colaborador5@prepara.me',
    'a1000000-0000-4000-8000-000000000205',
    'NO',
    true,
    false,
    NOW() - INTERVAL '240 days',
    'Executivo Comercial',
    'Comercial',
    'DEMO TESTE',
    'Filial RJ',
    false,
    '',
    'involuntary',
    'Masculino',
    'Branca',
    true,
    'Rio de Janeiro',
    'RJ'
  ),
(
    'a1000000-0000-4000-8000-000000000306',
    'a1000000-0000-4000-8000-000000000001',
    'Ana Beatriz Lima',
    '88888888883',
    'TESTE-PREPARA-2026',
    '11999990006',
    'teste.colaborador6@prepara.me',
    'a1000000-0000-4000-8000-000000000206',
    'NO',
    true,
    false,
    NOW() - INTERVAL '180 days',
    'Analista de Marketing',
    'Marketing',
    'DEMO TESTE',
    'Matriz SP',
    false,
    '',
    'voluntary',
    'Feminino',
    'Amarela',
    false,
    'São Paulo',
    'SP'
  ),
(
    'a1000000-0000-4000-8000-000000000307',
    'a1000000-0000-4000-8000-000000000001',
    'Pedro Henrique Oliveira',
    '88888888884',
    'TESTE-PREPARA-2026',
    '19999990007',
    'teste.colaborador7@prepara.me',
    'a1000000-0000-4000-8000-000000000207',
    'NO',
    true,
    true,
    NOW() - INTERVAL '120 days',
    'Supervisor Logístico',
    'Logística',
    'DEMO TESTE',
    'CD Campinas',
    false,
    '',
    'involuntary',
    'Masculino',
    'Parda',
    false,
    'Campinas',
    'SP'
  ),
(
    'a1000000-0000-4000-8000-000000000308',
    'a1000000-0000-4000-8000-000000000001',
    'Fernanda Souza Mendes',
    '88888888885',
    'TESTE-PREPARA-2026',
    '31999990008',
    'teste.colaborador8@prepara.me',
    'a1000000-0000-4000-8000-000000000208',
    'NO',
    true,
    false,
    NOW() - INTERVAL '90 days',
    'Advogada Trabalhista',
    'Jurídico',
    'DEMO TESTE',
    'Matriz SP',
    false,
    '',
    'involuntary',
    'Feminino',
    'Preta',
    false,
    'Belo Horizonte',
    'MG'
  ),
(
    'a1000000-0000-4000-8000-000000000309',
    'a1000000-0000-4000-8000-000000000001',
    'Carlos Eduardo Rocha',
    '88888888886',
    'TESTE-PREPARA-2026',
    '31999990009',
    'teste.colaborador9@prepara.me',
    'a1000000-0000-4000-8000-000000000209',
    'NO',
    true,
    false,
    NOW() - INTERVAL '60 days',
    'Operador de Produção',
    'Produção',
    'DEMO TESTE',
    'Filial MG',
    false,
    '',
    'involuntary',
    'Masculino',
    'Indígena',
    true,
    'Contagem',
    'MG'
  ),
(
    'a1000000-0000-4000-8000-000000000310',
    'a1000000-0000-4000-8000-000000000001',
    'Juliana Aparecida Ferreira',
    '88888888887',
    'TESTE-PREPARA-2026',
    '81999990010',
    'teste.colaborador10@prepara.me',
    'a1000000-0000-4000-8000-000000000210',
    'NO',
    true,
    false,
    NOW() - INTERVAL '25 days',
    'Analista de Atendimento',
    'Customer Success',
    'DEMO TESTE',
    'Filial NE',
    false,
    '',
    'voluntary',
    'Feminino',
    'Parda',
    false,
    'Recife',
    'PE'
  ),
(
    'a1000000-0000-4000-8000-000000000311',
    'a1000000-0000-4000-8000-000000000001',
    'Colaborador Pendente',
    '77777777777',
    'TESTE-PREPARA-2026',
    '11999990011',
    'teste.pendente@prepara.me',
    NULL,
    'YES',
    false,
    false,
    NOW() - INTERVAL '15 days',
    'Estagiário',
    'Tecnologia',
    'DEMO TESTE',
    'Matriz SP',
    false,
    '',
    'involuntary',
    'Não informado',
    'Parda',
    false,
    'São Paulo',
    'SP'
);

COMMIT;
